[
  {
    "accountName": "NAMEX Tech Solutions",
    "accountType": "Large Enterprise",
    "line": "D&O Liability",
    "broker": "Willis Towers",
    "renewalDate": "04/16/2025",
    "premium": "$2.3M",
    "ratedPremium": "$2.8M",
    "lossRatio": "32%",
    "lossRatioColor": "green",
    "appetite": "HIGH",
    "appetiteColor": "high",
    "status": "Active",
    "triage": 180,
    "winnability": "Very Strong",
    "winnabilityColor": "very-strong"
  },
  {
    "accountName": "Alliance Healthcare Systems",
    "accountType": "Mid-Market",
    "line": "Medical Malpractice",
    "broker": "Aon Risk",
    "renewalDate": "06/30/2025",
    "premium": "$1.7M",
    "ratedPremium": "$1.9M",
    "lossRatio": "38%",
    "lossRatioColor": "yellow",
    "appetite": "MEDIUM",
    "appetiteColor": "medium",
    "status": "Under review",
    "triage": 165,
    "winnability": "Strong",
    "winnabilityColor": "strong"
  },
  {
    "accountName": "Maritime Logistics Corp",
    "accountType": "Shipping/Logistics",
    "line": "Marine Cargo",
    "broker": "Marsh McLennan",
    "renewalDate": "09/05/2025",
    "premium": "$875K",
    "ratedPremium": "$920K",
    "lossRatio": "25%",
    "lossRatioColor": "green",
    "appetite": "HIGH",
    "appetiteColor": "high",
    "status": "Active",
    "triage": 182,
    "winnability": "Very Strong",
    "winnabilityColor": "very-strong"
  }
] 